"labels","medians"
"4 hr",0.00118049945287767
"6 hr",0.00103334381732787
"12 hr",0.00151239406740743
"24 hr",0.00054295509896946
