"labels","medians"
"4 hr",0.000822180214467538
"6 hr",0.000597475456573298
"12 hr",0.000290277030891514
"24 hr",0.000161589018824888
