"labels","medians"
"4 hr",0.00221097350806348
"6 hr",0.00141024472893213
"12 hr",0.000699566814618578
"24 hr",0.00036952506227309
