"labels","medians"
"4 hr",0.00112240577153026
"6 hr",0.00085310220091485
"12 hr",0.000446222859398857
"24 hr",0.000320941889749942
