"labels","medians"
"4 hr",0.00129059097840202
"6 hr",0.000866338594514017
"12 hr",0.00040119481002244
"24 hr",0.000208185492934788
