"labels","medians"
"4 hr",0.00426553226380156
"6 hr",0.00339930467736547
"12 hr",0.00203831038678217
"24 hr",0.00120813049420421
