"labels","medians"
"4 hr",0.000562707247236242
"6 hr",0.000406446723294929
"12 hr",0.000194412267848305
"24 hr",NA
