"labels","medians"
"4 hr",0.000424442174893165
"6 hr",0.000375455588073129
"12 hr",0.00116369334317003
"24 hr",0.000105648525380301
