"labels","medians"
"4 hr",0.00210684584348314
"6 hr",0.00141907281040023
"12 hr",0.000657007010728008
"24 hr",0.000335957474911089
