"labels","medians"
"4 hr",0.000817927807593722
"6 hr",0.000561855461436696
"12 hr",0.000292744637486732
"24 hr",0.000146548009101638
