"labels","medians"
"4 hr",0.0015979042995811
"6 hr",0.00105451582557468
"12 hr",0.000526548627633318
"24 hr",0.000268998619364278
