"labels","medians"
"4 hr",0.00176649943209344
"6 hr",0.00120190377681799
"12 hr",0.00067339484247473
"24 hr",0.000306857530914909
