"labels","medians"
"4 hr",0.000824313951937977
"6 hr",0.000531580163195467
"12 hr",0.000249534586624774
"24 hr",0.000111303392471599
