"labels","medians"
"4 hr",0.000698436055215897
"6 hr",0.000493944823128885
"12 hr",0.000249983785842239
"24 hr",0.000115295742328183
