"labels","medians"
"4 hr",0.00083225176891874
"6 hr",0.000590669987394359
"12 hr",0.000277636874728247
"24 hr",0.000125927215457135
