"labels","medians"
"4 hr",0.000882497117311925
"6 hr",0.000744487767575764
"12 hr",0.00053160015712195
"24 hr",0.000176069932784572
