"labels","medians"
"4 hr",0.00206299863456329
"6 hr",0.0022157157798195
"12 hr",0.00154537708138253
"24 hr",0.000372182670642992
