"labels","medians"
"4 hr",0.00159171198763044
"6 hr",0.00111050401505007
"12 hr",0.000571997745355762
"24 hr",0.000257130008301926
