"labels","medians"
"4 hr",0.000677675226135129
"6 hr",0.000521726636229957
"12 hr",0.000213263925369365
"24 hr",0.000123679102118316
