"labels","medians"
"4 hr",0.000740071888941653
"6 hr",0.000466877786335143
"12 hr",0.000269566779163361
"24 hr",0.000116405457179163
