"labels","medians"
"4 hr",0.00746891378964406
"6 hr",0.00654632763840725
"12 hr",0.00461900046909519
"24 hr",0.002022988091793
