"labels","medians"
"4 hr",0.000386081258354535
"6 hr",0.000277453639875736
"12 hr",0.000134396592529844
"24 hr",9.10167249232017e-05
