"labels","medians"
"4 hr",0.000685166175849595
"6 hr",0.000468183897596872
"12 hr",0.000241514431248184
"24 hr",0.000114807650138696
